{"name":"GOTAFE Learner's Portal","description":"Guides users through the navigation of the 'Learner's Portal'","pathmatch":"","enabled":"1","sortorder":"20","configdata":"{\"placement\":\"bottom\",\"orphan\":\"0\",\"backdrop\":\"1\",\"reflex\":\"0\",\"filtervalues\":{\"category\":[],\"course\":[\"7764\"],\"courseformat\":[],\"role\":[],\"theme\":[\"snap\"]},\"majorupdatetime\":1542321846}","version":"2017111300","steps":[{"title":"Welcome to GOTAFE","content":"This 'Learner's Portal' is an introduction to everything you need to know about studying at GOTAFE.  Whenever you need help, you can come back to the Learner's Portal.","targettype":"2","targetvalue":"","sortorder":"0","configdata":"{}"},{"title":"Navigating","content":"Use these links to move from page to page.","targettype":"0","targetvalue":"#course-toc","sortorder":"1","configdata":"{\"placement\":\"right\"}"},{"title":"Studying with GOTAFE","content":"Here you'll find information, advice, guides and important documents.","targettype":"0","targetvalue":"#course-toc #chapters li:nth-child(2)","sortorder":"2","configdata":"{}"},{"title":"Your online profile","content":"Offers guides to online learning, student email, Office 365 and other student tools.","targettype":"0","targetvalue":"#course-toc #chapters li:nth-child(3)","sortorder":"3","configdata":"{}"},{"title":"Online learning help","content":"Visit this page for answers to 'Frequently Asked Questions' and a discussion forum where you can ask for help.","targettype":"0","targetvalue":"#course-toc #chapters li:nth-child(4)","sortorder":"4","configdata":"{}"},{"title":"Study help","content":"Has links to the GOTAFE library, free study help with an online tutor and a tool that will read your screen aloud for you.","targettype":"0","targetvalue":"#course-toc #chapters li:nth-child(5)","sortorder":"5","configdata":"{}"},{"title":"Search for your course","content":"When the time comes, your trainer will help you search for your course home.","targettype":"0","targetvalue":"#course-toc #chapters li:nth-child(6)","sortorder":"6","configdata":"{}"},{"title":"My Courses","content":"Remember the My Courses screen?  You can return here at any time.","targettype":"0","targetvalue":"#snap-pm-trigger","sortorder":"7","configdata":"{}"},{"title":"How do I find the Learner's Portal?","content":"Wherever you are, in any Course or Unit, you will find a link to the Learner's Portal at the bottom of every screen.","targettype":"0","targetvalue":"#snap-footer-content a[href=\"\/course\/view.php?id=7764\"]","sortorder":"8","configdata":"{\"placement\":\"bottom\",\"backdrop\":\"0\"}"},{"title":"Ready to get started?","content":"Select the 'Read more' button to read a welcome from our CEO.  ","targettype":"0","targetvalue":".contentafterlink","sortorder":"9","configdata":"{}"}]}