{"name":"GOTAFE Snap - My Courses interface","description":"Shows the major features of the Snap 'My Courses' interface","pathmatch":"\/my\/","enabled":"1","sortorder":"21","configdata":"{\"placement\":\"bottom\",\"orphan\":\"0\",\"backdrop\":\"1\",\"reflex\":\"0\",\"filtervalues\":{\"category\":[],\"course\":[\"0\"],\"courseformat\":[],\"role\":[],\"theme\":[\"snap\"]},\"majorupdatetime\":1541634353}","version":"2017111300","steps":[{"title":"GOTAFE's Learning Management System (LMS) has a brand new look!","content":"<p>This tour will guide you through the major new features<\/p>\r\n<p>When you first login, you arrive at the <strong>My Courses<\/strong> screen.<\/p>","targettype":"2","targetvalue":"","sortorder":"0","configdata":"{\"backdrop\":\"0\",\"placement\":\"bottom\",\"reflex\":\"0\"}"},{"title":"Courses and units","content":"<p>Your <b>Courses<\/b> and <b>Units<\/b> appear here, once you are enrolled.<\/p>\r\n<div class=\"alert alert-warning\">\r\n    <b>Can't see anything yet?<\/b>\u00a0 Don't worry, later in this tour, we will take you the <b>GOTAFE Learner's Portal<\/b>\r\n<\/div>","targettype":"0","targetvalue":".snap-pm-open #snap-pm-courses","sortorder":"1","configdata":"{\"placement\":\"top\"}"},{"title":"Updates","content":"<p>Deadlines, assignment feedback, messages from your trainers and recent forum posts will all appear here.<\/p>","targettype":"0","targetvalue":".snap-pm-open #snap-pm-updates","sortorder":"2","configdata":"{\"placement\":\"left\"}"},{"title":"Search all courses","content":"<div class=\"alert alert-warning\">\r\n    <b>Your trainer<\/b> will give you a code to help you find and self-enrol in your course or unit.\u00a0 If you don't have this information yet, discuss this with your trainer.\r\n<\/div>","targettype":"0","targetvalue":".snap-pm-open .coursesearchbox","sortorder":"3","configdata":"{}"},{"title":"Learn more about studying at GOTAFE","content":"<p>Let's go to the <strong>Learner's Portal<\/strong> to help you on your way.<br \/>Select 'Access the Learner's Portal', then choose 'Enrol Me'.<\/p>\r\n<p>\r\n<a href=\"\/enrol\/index.php?id=7764\" class=\"btn btn-warning btn-lg btn-block\">Access the Learner's Portal<\/a><\/p>","targettype":"2","targetvalue":"","sortorder":"4","configdata":"{\"reflex\":\"1\"}"},{"title":"Enjoy your study.","content":"We hope that your enjoy your time with GOTAFE. ","targettype":"2","targetvalue":"","sortorder":"5","configdata":"{}"}]}