{"name":"GOTAFE Snap - Course tour","description":"Show major navigational features of the snap courses interface","pathmatch":"\/course\/view.php%","enabled":"1","sortorder":"22","configdata":"{\"placement\":\"bottom\",\"orphan\":\"0\",\"backdrop\":\"1\",\"reflex\":\"0\",\"filtervalues\":{\"category\":[],\"course\":[\"0\"],\"courseformat\":[],\"role\":[],\"theme\":[\"snap\"]},\"majorupdatetime\":1541634360}","version":"2017111300","steps":[{"title":"GOTAFE Units and Courses","content":"<p>GOTAFE has a brand new look for <b>Units<\/b> and <b>Courses<\/b>.<\/p><p>This tour will guide you through the main features.<\/p>","targettype":"2","targetvalue":"","sortorder":"0","configdata":"{}"},{"title":"The banner","content":"<p>The banner includes the <b>National<\/b> <b>Unit<\/b> or <b>Course code(s)<\/b>, that match your enrolment.<\/p>","targettype":"0","targetvalue":"#page-header","sortorder":"1","configdata":"{}"},{"title":"Contents","content":"Use this menu to navigate within your Unit\/Course.","targettype":"0","targetvalue":"#course-toc","sortorder":"2","configdata":"{\"placement\":\"right\"}"},{"title":"Progress","content":"<p>Your <b>Progress<\/b> through each topic is shown here.<\/p><p>When you complete <b>all activities<\/b> within a topic, a <b>green tick<\/b> will show here<\/p>","targettype":"0","targetvalue":"#course-toc .completionstatus","sortorder":"3","configdata":"{\"placement\":\"bottom\"}"},{"title":"Conditional","content":"<p>A <b>conditional<\/b> item means that you need to complete a specific activity, before it will open for you.\u00a0 <\/p><p>An on-screen message will tell you what you need to do.<\/p>","targettype":"0","targetvalue":"#course-toc .conditional","sortorder":"4","configdata":"{}"},{"title":"Course Dashboard","content":"<p>The <b>Course Dashboard<\/b> shows your <b>gradebook<\/b> and fellow<b> participants.<\/b><\/p>","targettype":"0","targetvalue":".toc-footer","sortorder":"5","configdata":"{}"},{"title":"My Courses","content":"<p>At any time, you can return to <b>\"My Courses<\/b>\" which also takes you to your profile, grades and logout.<\/p>","targettype":"0","targetvalue":"#snap-pm-trigger","sortorder":"6","configdata":"{}"}]}